#Region:Region_Key
zurich:eu-zurich-1
toronto:ca-toronto-1
montreal:ca-montreal-1
chuncheon:ap-chuncheon-1
vinhedo:sa-vinhedo-1
sydney:ap-sydney-1
sanjose:us-sanjose-1
singapore:ap-singapore-1
santiago:sa-santiago-1
queretaro:mx-queretaro-1
phoenix:us-phoenix-1
chicago:us-chicago-1
tokyo:ap-tokyo-1
jerusalem:il-jerusalem-1
marseille:eu-marseille-1
melbourne:ap-melbourne-1
madrid:eu-madrid-1
milan:eu-milan-1
london:uk-london-1
osaka:ap-osaka-1
johannesburg:af-johannesburg-1
jeddah:me-jeddah-1
seoul:ap-seoul-1
ashburn:us-ashburn-1
hyderabad:ap-hyderabad-1
saopaulo:sa-saopaulo-1
frankfurt:eu-frankfurt-1
dubai:me-dubai-1
cardiff:uk-cardiff-1
paris:eu-paris-1
mumbai:ap-mumbai-1
abudhabi:me-abudhabi-1
stockholm:eu-stockholm-1
amsterdam:eu-amsterdam-1
langley:us-langley-1
luke:us-luke-1
gov-ashburn:us-gov-ashburn-1
gov-chicago:us-gov-chicago-1
gov-phoenix:us-gov-phoenix-1
gov-london:uk-gov-london-1
gov-cardiff:uk-gov-cardiff-1